﻿<?xml version="1.0" encoding="utf-8"?>
<publishData>
  <publishProfile publishUrl="C:\Users\bchavan\Desktop\Deploy" deleteExistingFiles="False" ftpAnonymousLogin="False" ftpPassiveMode="True" msdeploySite="" msdeploySiteID="" msdeployRemoteSitePhysicalPath="" msdeployAllowUntrustedCertificate="False" msdeploySkipExtraFilesOnServer="True" msdeployMarkAsApp="False" profileName="Profile1" publishMethod="FileSystem" replaceMatchingFiles="True" userName="" savePWD="False" userPWD="" SelectedForPublish="True">
    <file relUrl="CPA/Home.aspx" publishTime="10/20/2013 17:45:55" />
    <file relUrl="css/cupertino/images/ui-bg_glass_50_3baae3_1x400.png" publishTime="10/01/2010 17:40:26" />
    <file relUrl="css/cupertino/images/ui-bg_highlight-hard_100_f2f5f7_1x100.png" publishTime="10/01/2010 17:40:26" />
    <file relUrl="fullcalendar/fullcalendar.css" publishTime="07/05/2010 15:08:06" />
    <file relUrl="CPA/PersonalInformation.aspx" publishTime="09/28/2013 16:59:04" />
    <file relUrl="css/cupertino/images/ui-bg_highlight-soft_100_deedf7_1x100.png" publishTime="10/01/2010 17:40:26" />
    <file relUrl="Global.asax" publishTime="08/31/2013 21:08:08" />
    <file relUrl="Site.Master" publishTime="09/28/2013 10:20:05" />
    <file relUrl="css/cupertino/images/ui-bg_diagonals-thick_90_eeeeee_40x40.png" publishTime="10/01/2010 17:40:30" />
    <file relUrl="css/cupertino/jquery-ui-1.7.3.custom.css" publishTime="10/01/2010 17:40:30" />
    <file relUrl="CPA/SignUp.aspx" publishTime="09/28/2013 10:03:15" />
    <file relUrl="fullcalendar/fullcalendar.min.js" publishTime="07/05/2010 15:08:06" />
    <file relUrl="Scripts/calendarscript.js" publishTime="10/07/2013 11:27:09" />
    <file relUrl="jquery/jquery.qtip-1.0.0-rc3.min.js" publishTime="10/01/2010 18:54:14" />
    <file relUrl="Account/ChangePassword.aspx" publishTime="08/31/2013 21:08:08" />
    <file relUrl="css/cupertino/images/ui-bg_highlight-hard_70_000000_1x100.png" publishTime="10/01/2010 17:40:30" />
    <file relUrl="jquery/jquery-ui-timepicker-addon-0.6.2.min.js" publishTime="10/02/2010 10:50:12" />
    <file relUrl="CPA/LearnMore.aspx" publishTime="09/22/2013 22:23:36" />
    <file relUrl="css/cupertino/images/ui-bg_flat_15_cd0a0a_40x100.png" publishTime="10/01/2010 17:40:26" />
    <file relUrl="Images/CompanyLogo.jpg" publishTime="08/31/2013 21:47:49" />
    <file relUrl="JsonResponse.ashx" publishTime="10/07/2013 10:10:51" />
    <file relUrl="Account/Register.aspx" publishTime="08/31/2013 21:08:08" />
    <file relUrl="CPA/SignIn.aspx" publishTime="09/28/2013 11:15:53" />
    <file relUrl="css/cupertino/images/ui-bg_highlight-soft_25_ffef8f_1x100.png" publishTime="10/01/2010 17:40:26" />
    <file relUrl="Account/Login.aspx" publishTime="08/31/2013 21:08:08" />
    <file relUrl="CPA/ViewAllAppointments.aspx" publishTime="09/28/2013 17:42:19" />
    <file relUrl="Styles/CPACOM.css" publishTime="09/12/2013 03:39:18" />
    <file relUrl="Styles/Site.css" publishTime="09/08/2013 16:00:44" />
    <file relUrl="css/cupertino/images/ui-icons_ffffff_256x240.png" publishTime="10/01/2010 17:40:30" />
    <file relUrl="css/cupertino/images/ui-bg_glass_100_e4f1fb_1x400.png" publishTime="10/01/2010 17:40:26" />
    <file relUrl="Scripts/jquery-1.4.1.min.js" publishTime="08/31/2013 21:08:08" />
    <file relUrl="css/cupertino/images/ui-bg_glass_80_d7ebf9_1x400.png" publishTime="10/01/2010 17:40:26" />
    <file relUrl="css/cupertino/images/ui-icons_72a7cf_256x240.png" publishTime="10/01/2010 17:40:30" />
    <file relUrl="CPA/Handler.ashx" publishTime="09/09/2013 16:14:29" />
    <file relUrl="CPA/CPASignUp.aspx" publishTime="09/22/2013 22:23:32" />
    <file relUrl="bin/CheckIn.dll" publishTime="10/24/2013 20:21:19" />
    <file relUrl="CPA/ViewScheduledAppointments.aspx" publishTime="10/20/2013 17:59:20" />
    <file relUrl="jquery/jquery-ui-1.7.3.custom.min.js" publishTime="10/01/2010 17:40:30" />
    <file relUrl="CPA/Packages.aspx" publishTime="09/22/2013 23:18:29" />
    <file relUrl="CPA/DisplayAppointments.aspx" publishTime="09/28/2013 17:17:27" />
    <file relUrl="css/cupertino/images/ui-icons_3d80b3_256x240.png" publishTime="10/01/2010 17:40:30" />
    <file relUrl="Default.aspx" publishTime="10/07/2013 11:14:24" />
    <file relUrl="bin/CheckIn.pdb" publishTime="10/24/2013 20:21:19" />
    <file relUrl="Account/ChangePasswordSuccess.aspx" publishTime="08/31/2013 21:08:08" />
    <file relUrl="CPA/BookAppointment.aspx" publishTime="09/28/2013 09:34:19" />
    <file relUrl="CPA/ImageCSharp.aspx" publishTime="02/21/2009 23:01:02" />
    <file relUrl="CPA/CheckNewUser.aspx" publishTime="09/29/2013 00:14:31" />
    <file relUrl="Web.config" publishTime="10/24/2013 20:21:27" />
    <file relUrl="CPA/FinishBookingApp.aspx" publishTime="09/28/2013 21:53:23" />
    <file relUrl="CPA/About.aspx" publishTime="08/31/2013 21:08:08" />
    <file relUrl="TODO.txt" publishTime="09/29/2013 00:57:05" />
    <file relUrl="jquery/jquery-1.3.2.min.js" publishTime="06/12/2009 02:19:46" />
    <file relUrl="css/cupertino/images/ui-icons_2e83ff_256x240.png" publishTime="10/01/2010 17:40:30" />
    <file relUrl="Scripts/jquery-1.4.1.js" publishTime="08/31/2013 21:08:08" />
    <file relUrl="css/cupertino/images/ui-icons_2694e8_256x240.png" publishTime="10/01/2010 17:40:30" />
    <file relUrl="Scripts/jquery-1.4.1-vsdoc.js" publishTime="08/31/2013 21:08:08" />
  </publishProfile>
</publishData>